<?xml version="1.0" encoding="UTF-8"?>
<metadata xml:lang="de"><Esri><CreaDate>20160428</CreaDate><CreaTime>15294200</CreaTime><ArcGISFormat>1.0</ArcGISFormat><SyncOnce>FALSE</SyncOnce><DataProperties><itemProps><itemLocation><linkage Sync="TRUE">file://\\SANNE-HP\J\ArcGIS\Global_inundation\gtsm_fes\inundation\GRSL</linkage><protocol Sync="TRUE">Local Area Network</protocol></itemLocation><itemName Sync="TRUE">GRSL</itemName><imsContentType Sync="TRUE">002</imsContentType><itemSize Sync="TRUE">0.000</itemSize></itemProps><copyHistory><copy source="J:\ArcGIS\Global_inundation\gtsm_fes\GRSL" dest="\\SANNE-HP\J\ArcGIS\Global_inundation\gtsm_fes\inundation\GRSL" date="20160428" time="15280100"></copy></copyHistory><lineage><Process ToolSource="c:\program files (x86)\arcgis\desktop10.1\ArcToolbox\Toolboxes\Analysis Tools.tbx\SpatialJoin" Date="20150701" Time="151043">SpatialJoin J:\ArcGIS\Global_inundation\diva\cls_p18_2.shp surge_levels_DIVA J:\ArcGIS\Global_inundation\gtsm_fes\GRSL.shp JOIN_ONE_TO_ONE KEEP_COMMON "CLSFID "CLSFID" true true false 9 Long 0 9 ,First,#,J:\ArcGIS\Global_inundation\diva\cls_p18_2.shp,CLSFID,-1,-1;ADMINID "ADMINID" true true false 19 Double 5 18 ,First,#,J:\ArcGIS\Global_inundation\diva\cls_p18_2.shp,ADMINID,-1,-1;COUNTRYID "COUNTRYID" true true false 19 Double 5 18 ,First,#,J:\ArcGIS\Global_inundation\diva\cls_p18_2.shp,COUNTRYID,-1,-1;LATI "LATI" true true false 19 Double 5 18 ,First,#,J:\ArcGIS\Global_inundation\diva\cls_p18_2.shp,LATI,-1,-1;LENGTH "LENGTH" true true false 19 Double 5 18 ,First,#,J:\ArcGIS\Global_inundation\diva\cls_p18_2.shp,LENGTH,-1,-1;LONGI "LONGI" true true false 19 Double 5 18 ,First,#,J:\ArcGIS\Global_inundation\diva\cls_p18_2.shp,LONGI,-1,-1;rp00005 "rp00005" true true false 24 Double 15 23 ,First,#,J:\ArcGIS\Global_inundation\gtsm_fes\surge_levels_DIVA.shp,rp00005,-1,-1;rp00010 "rp00010" true true false 24 Double 15 23 ,First,#,J:\ArcGIS\Global_inundation\gtsm_fes\surge_levels_DIVA.shp,rp00010,-1,-1;rp00002 "rp00002" true true false 24 Double 15 23 ,First,#,J:\ArcGIS\Global_inundation\gtsm_fes\surge_levels_DIVA.shp,rp00002,-1,-1;rp00500 "rp00500" true true false 24 Double 15 23 ,First,#,J:\ArcGIS\Global_inundation\gtsm_fes\surge_levels_DIVA.shp,rp00500,-1,-1;rp00100 "rp00100" true true false 24 Double 15 23 ,First,#,J:\ArcGIS\Global_inundation\gtsm_fes\surge_levels_DIVA.shp,rp00100,-1,-1;Station "Station" true true false 80 Text 0 0 ,First,#,J:\ArcGIS\Global_inundation\gtsm_fes\surge_levels_DIVA.shp,Station,-1,-1;rp00050 "rp00050" true true false 24 Double 15 23 ,First,#,J:\ArcGIS\Global_inundation\gtsm_fes\surge_levels_DIVA.shp,rp00050,-1,-1;rp00250 "rp00250" true true false 24 Double 15 23 ,First,#,J:\ArcGIS\Global_inundation\gtsm_fes\surge_levels_DIVA.shp,rp00250,-1,-1;Nr "Nr" true true false 10 Double 0 10 ,First,#,J:\ArcGIS\Global_inundation\gtsm_fes\surge_levels_DIVA.shp,Nr,-1,-1;rp01000 "rp01000" true true false 24 Double 15 23 ,First,#,J:\ArcGIS\Global_inundation\gtsm_fes\surge_levels_DIVA.shp,rp01000,-1,-1;rp00025 "rp00025" true true false 24 Double 15 23 ,First,#,J:\ArcGIS\Global_inundation\gtsm_fes\surge_levels_DIVA.shp,rp00025,-1,-1" CLOSEST "50 Kilometers" #</Process><Process ToolSource="c:\program files (x86)\arcgis\desktop10.1\ArcToolbox\Toolboxes\Data Management Tools.tbx\DefineProjection" Date="20150909" Time="135824">DefineProjection GRSL GEOGCS['GCS_WGS_1984',DATUM['D_WGS_1984',SPHEROID['WGS_1984',6378137.0,298.257223563]],PRIMEM['Greenwich',0.0],UNIT['Degree',0.0174532925199433]]</Process><Process ToolSource="c:\program files (x86)\arcgis\desktop10.1\ArcToolbox\Toolboxes\Editing Tools.tbx\Densify" Date="20160406" Time="185829">Densify GRSL DISTANCE "100 Kilometers" "0,0000009 DecimalDegrees" 10</Process></lineage></DataProperties><SyncDate>20150701</SyncDate><SyncTime>15042400</SyncTime><ModDate>20150701</ModDate><ModTime>15042400</ModTime></Esri><dataIdInfo><envirDesc Sync="TRUE">Microsoft Windows 7 Version 6.1 (Build 7601) Service Pack 1; Esri ArcGIS 10.1.0.3035</envirDesc><dataLang><languageCode value="nld" Sync="TRUE"></languageCode><countryCode value="NLD" Sync="TRUE"></countryCode></dataLang><idCitation><resTitle Sync="TRUE">GRSL</resTitle><presForm><PresFormCd value="005" Sync="TRUE"></PresFormCd></presForm></idCitation><spatRpType><SpatRepTypCd value="001" Sync="TRUE"></SpatRepTypCd></spatRpType></dataIdInfo><mdLang><languageCode value="nld" Sync="TRUE"></languageCode><countryCode value="NLD" Sync="TRUE"></countryCode></mdLang><mdChar><CharSetCd value="004" Sync="TRUE"></CharSetCd></mdChar><distInfo><distFormat><formatName Sync="TRUE">Shapefile</formatName></distFormat><distTranOps><transSize Sync="TRUE">0.000</transSize></distTranOps></distInfo><mdHrLv><ScopeCd value="005" Sync="TRUE"></ScopeCd></mdHrLv><mdHrLvName Sync="TRUE">dataset</mdHrLvName><spatRepInfo><VectSpatRep><geometObjs Name="GRSL"><geoObjTyp><GeoObjTypCd value="002" Sync="TRUE"></GeoObjTypCd></geoObjTyp><geoObjCnt Sync="TRUE">0</geoObjCnt></geometObjs><topLvl><TopoLevCd value="001" Sync="TRUE"></TopoLevCd></topLvl></VectSpatRep></spatRepInfo><spdoinfo><ptvctinf><esriterm Name="GRSL"><efeatyp Sync="TRUE">Simple</efeatyp><efeageom code="3" Sync="TRUE"></efeageom><esritopo Sync="TRUE">FALSE</esritopo><efeacnt Sync="TRUE">0</efeacnt><spindex Sync="TRUE">FALSE</spindex><linrefer Sync="TRUE">FALSE</linrefer></esriterm></ptvctinf></spdoinfo><eainfo><detailed Name="GRSL"><enttyp><enttypl Sync="TRUE">GRSL</enttypl><enttypt Sync="TRUE">Feature Class</enttypt><enttypc Sync="TRUE">0</enttypc></enttyp><attr><attrlabl Sync="TRUE">FID</attrlabl><attalias Sync="TRUE">FID</attalias><attrtype Sync="TRUE">OID</attrtype><attwidth Sync="TRUE">4</attwidth><atprecis Sync="TRUE">0</atprecis><attscale Sync="TRUE">0</attscale><attrdef Sync="TRUE">Internal feature number.</attrdef><attrdefs Sync="TRUE">Esri</attrdefs><attrdomv><udom Sync="TRUE">Sequential unique whole numbers that are automatically generated.</udom></attrdomv></attr><attr><attrlabl Sync="TRUE">Shape</attrlabl><attalias Sync="TRUE">Shape</attalias><attrtype Sync="TRUE">Geometry</attrtype><attwidth Sync="TRUE">0</attwidth><atprecis Sync="TRUE">0</atprecis><attscale Sync="TRUE">0</attscale><attrdef Sync="TRUE">Feature geometry.</attrdef><attrdefs Sync="TRUE">Esri</attrdefs><attrdomv><udom Sync="TRUE">Coordinates defining the features.</udom></attrdomv></attr><attr><attrlabl Sync="TRUE">Join_Count</attrlabl><attalias Sync="TRUE">Join_Count</attalias><attrtype Sync="TRUE">Integer</attrtype><attwidth Sync="TRUE">9</attwidth><atprecis Sync="TRUE">9</atprecis><attscale Sync="TRUE">0</attscale></attr><attr><attrlabl Sync="TRUE">TARGET_FID</attrlabl><attalias Sync="TRUE">TARGET_FID</attalias><attrtype Sync="TRUE">Integer</attrtype><attwidth Sync="TRUE">9</attwidth><atprecis Sync="TRUE">9</atprecis><attscale Sync="TRUE">0</attscale></attr><attr><attrlabl Sync="TRUE">CLSFID</attrlabl><attalias Sync="TRUE">CLSFID</attalias><attrtype Sync="TRUE">Integer</attrtype><attwidth Sync="TRUE">9</attwidth><atprecis Sync="TRUE">9</atprecis><attscale Sync="TRUE">0</attscale></attr><attr><attrlabl Sync="TRUE">ADMINID</attrlabl><attalias Sync="TRUE">ADMINID</attalias><attrtype Sync="TRUE">Double</attrtype><attwidth Sync="TRUE">19</attwidth><atprecis Sync="TRUE">18</atprecis><attscale Sync="TRUE">5</attscale></attr><attr><attrlabl Sync="TRUE">COUNTRYID</attrlabl><attalias Sync="TRUE">COUNTRYID</attalias><attrtype Sync="TRUE">Double</attrtype><attwidth Sync="TRUE">19</attwidth><atprecis Sync="TRUE">18</atprecis><attscale Sync="TRUE">5</attscale></attr><attr><attrlabl Sync="TRUE">LATI</attrlabl><attalias Sync="TRUE">LATI</attalias><attrtype Sync="TRUE">Double</attrtype><attwidth Sync="TRUE">19</attwidth><atprecis Sync="TRUE">18</atprecis><attscale Sync="TRUE">5</attscale></attr><attr><attrlabl Sync="TRUE">LENGTH</attrlabl><attalias Sync="TRUE">LENGTH</attalias><attrtype Sync="TRUE">Double</attrtype><attwidth Sync="TRUE">19</attwidth><atprecis Sync="TRUE">18</atprecis><attscale Sync="TRUE">5</attscale></attr><attr><attrlabl Sync="TRUE">LONGI</attrlabl><attalias Sync="TRUE">LONGI</attalias><attrtype Sync="TRUE">Double</attrtype><attwidth Sync="TRUE">19</attwidth><atprecis Sync="TRUE">18</atprecis><attscale Sync="TRUE">5</attscale></attr><attr><attrlabl Sync="TRUE">rp00005</attrlabl><attalias Sync="TRUE">rp00005</attalias><attrtype Sync="TRUE">Double</attrtype><attwidth Sync="TRUE">19</attwidth><atprecis Sync="TRUE">18</atprecis><attscale Sync="TRUE">15</attscale></attr><attr><attrlabl Sync="TRUE">rp00010</attrlabl><attalias Sync="TRUE">rp00010</attalias><attrtype Sync="TRUE">Double</attrtype><attwidth Sync="TRUE">19</attwidth><atprecis Sync="TRUE">18</atprecis><attscale Sync="TRUE">15</attscale></attr><attr><attrlabl Sync="TRUE">rp00002</attrlabl><attalias Sync="TRUE">rp00002</attalias><attrtype Sync="TRUE">Double</attrtype><attwidth Sync="TRUE">19</attwidth><atprecis Sync="TRUE">18</atprecis><attscale Sync="TRUE">15</attscale></attr><attr><attrlabl Sync="TRUE">rp00500</attrlabl><attalias Sync="TRUE">rp00500</attalias><attrtype Sync="TRUE">Double</attrtype><attwidth Sync="TRUE">19</attwidth><atprecis Sync="TRUE">18</atprecis><attscale Sync="TRUE">15</attscale></attr><attr><attrlabl Sync="TRUE">rp00100</attrlabl><attalias Sync="TRUE">rp00100</attalias><attrtype Sync="TRUE">Double</attrtype><attwidth Sync="TRUE">19</attwidth><atprecis Sync="TRUE">18</atprecis><attscale Sync="TRUE">15</attscale></attr><attr><attrlabl Sync="TRUE">Station</attrlabl><attalias Sync="TRUE">Station</attalias><attrtype Sync="TRUE">String</attrtype><attwidth Sync="TRUE">80</attwidth><atprecis Sync="TRUE">0</atprecis><attscale Sync="TRUE">0</attscale></attr><attr><attrlabl Sync="TRUE">rp00050</attrlabl><attalias Sync="TRUE">rp00050</attalias><attrtype Sync="TRUE">Double</attrtype><attwidth Sync="TRUE">19</attwidth><atprecis Sync="TRUE">18</atprecis><attscale Sync="TRUE">15</attscale></attr><attr><attrlabl Sync="TRUE">rp00250</attrlabl><attalias Sync="TRUE">rp00250</attalias><attrtype Sync="TRUE">Double</attrtype><attwidth Sync="TRUE">19</attwidth><atprecis Sync="TRUE">18</atprecis><attscale Sync="TRUE">15</attscale></attr><attr><attrlabl Sync="TRUE">Nr</attrlabl><attalias Sync="TRUE">Nr</attalias><attrtype Sync="TRUE">Double</attrtype><attwidth Sync="TRUE">10</attwidth><atprecis Sync="TRUE">10</atprecis><attscale Sync="TRUE">0</attscale></attr><attr><attrlabl Sync="TRUE">rp01000</attrlabl><attalias Sync="TRUE">rp01000</attalias><attrtype Sync="TRUE">Double</attrtype><attwidth Sync="TRUE">19</attwidth><atprecis Sync="TRUE">18</atprecis><attscale Sync="TRUE">15</attscale></attr><attr><attrlabl Sync="TRUE">rp00025</attrlabl><attalias Sync="TRUE">rp00025</attalias><attrtype Sync="TRUE">Double</attrtype><attwidth Sync="TRUE">19</attwidth><atprecis Sync="TRUE">18</atprecis><attscale Sync="TRUE">15</attscale></attr></detailed></eainfo><mdDateSt Sync="TRUE">20150701</mdDateSt></metadata>
